<?xml version='1.0' encoding='UTF-8'?>
<tasks>
    <task>
        <date>2021-01-28 06:43:21</date>
        <price>-150.04</price>
        <car>
            <id>88</id>
        </car>
        <mechanic>
            <firstName>Roshelle</firstName>
        </mechanic>
        <part>
            <id>7</id>
        </part>
    </task>
    <task>
        <date>2021-01-28 06:43:21</date>
        <price>240.04</price>
        <car>
            <id>88</id>
        </car>
        <mechanic>
            <firstName>Roshelle</firstName>
        </mechanic>
        <part>
            <id>7</id>
        </part>
    </task>
    <task>
        <date>2021-09-10 06:53:58</date>
        <price>1325.82</price>
        <car>
            <id>35</id>
        </car>
        <mechanic>
            <firstName>Ozzie</firstName>
        </mechanic>
        <part>
            <id>32</id>
        </part>
    </task>
    <task>
        <date>2021-03-24 02:11:32</date>
        <price>1033.98</price>
        <car>
            <id>16</id>
        </car>
        <mechanic>
            <firstName>Lothaire</firstName>
        </mechanic>
        <part>
            <id>39</id>
        </part>
    </task>
    <task>
        <date>2021-12-07 05:08:51</date>
        <price>1230.28</price>
        <car>
            <id>49</id>
        </car>
        <mechanic>
            <firstName>Mandel</firstName>
        </mechanic>
        <part>
            <id>18</id>
        </part>
    </task>
    <task>
        <date>2021-12-07 05:08:51</date>
        <price>1230.28</price>
        <car>
            <id>49</id>
        </car>
        <mechanic>
            <firstName>DoesntExist</firstName>
        </mechanic>
        <part>
            <id>18</id>
        </part>
    </task>
    <task>
        <date>2021-02-19 16:51:20</date>
        <price>705.94</price>
        <car>
            <id>99</id>
        </car>
        <mechanic>
            <firstName>Mandel</firstName>
        </mechanic>
        <part>
            <id>36</id>
        </part>
    </task>
    <task>
        <date>2022-01-27 22:06:04</date>
        <price>969.34</price>
        <car>
            <id>20</id>
        </car>
        <mechanic>
            <firstName>Batholomew</firstName>
        </mechanic>
        <part>
            <id>48</id>
        </part>
    </task>
    <task>
        <date>2022-06-06 06:59:40</date>
        <price>280.38</price>
        <car>
            <id>69</id>
        </car>
        <mechanic>
            <firstName>Coleen</firstName>
        </mechanic>
        <part>
            <id>26</id>
        </part>
    </task>
    <task>
        <date>2022-02-11 06:51:44</date>
        <price>537.83</price>
        <car>
            <id>23</id>
        </car>
        <mechanic>
            <firstName>Ximenez</firstName>
        </mechanic>
        <part>
            <id>8</id>
        </part>
    </task>
    <task>
        <date>2022-09-17 02:57:20</date>
        <price>755.42</price>
        <car>
            <id>51</id>
        </car>
        <mechanic>
            <firstName>Idalina</firstName>
        </mechanic>
        <part>
            <id>37</id>
        </part>
    </task>
    <task>
        <date>2020-12-18 06:26:57</date>
        <price>1046.05</price>
        <car>
            <id>62</id>
        </car>
        <mechanic>
            <firstName>Moira</firstName>
        </mechanic>
        <part>
            <id>39</id>
        </part>
    </task>
    <task>
        <date>2021-07-13 11:54:52</date>
        <price>876.56</price>
        <car>
            <id>88</id>
        </car>
        <mechanic>
            <firstName>Jephthah</firstName>
        </mechanic>
        <part>
            <id>13</id>
        </part>
    </task>
    <task>
        <date>2022-04-26 18:48:39</date>
        <price>1144.42</price>
        <car>
            <id>13</id>
        </car>
        <mechanic>
            <firstName>Lizbeth</firstName>
        </mechanic>
        <part>
            <id>39</id>
        </part>
    </task>
    <task>
        <date>2020-11-24 14:13:00</date>
        <price>931.67</price>
        <car>
            <id>95</id>
        </car>
        <mechanic>
            <firstName>Averill</firstName>
        </mechanic>
        <part>
            <id>7</id>
        </part>
    </task>
    <task>
        <date>2021-05-30 01:17:12</date>
        <price>221.43</price>
        <car>
            <id>10</id>
        </car>
        <mechanic>
            <firstName>Althea</firstName>
        </mechanic>
        <part>
            <id>12</id>
        </part>
    </task>
    <task>
        <date>2022-08-22 02:47:17</date>
        <price>515.78</price>
        <car>
            <id>85</id>
        </car>
        <mechanic>
            <firstName>Dene</firstName>
        </mechanic>
        <part>
            <id>27</id>
        </part>
    </task>
    <task>
        <date>2022-10-22 03:03:25</date>
        <price>820.21</price>
        <car>
            <id>75</id>
        </car>
        <mechanic>
            <firstName>Rozanna</firstName>
        </mechanic>
        <part>
            <id>36</id>
        </part>
    </task>
    <task>
        <date>2020-11-10 16:31:31</date>
        <price>885.94</price>
        <car>
            <id>50</id>
        </car>
        <mechanic>
            <firstName>Thain</firstName>
        </mechanic>
        <part>
            <id>26</id>
        </part>
    </task>
    <task>
        <date>2022-09-24 18:34:53</date>
        <price>368.12</price>
        <car>
            <id>51</id>
        </car>
        <mechanic>
            <firstName>Sallyanne</firstName>
        </mechanic>
        <part>
            <id>14</id>
        </part>
    </task>
    <task>
        <date>2022-04-19 08:04:49</date>
        <price>1424.28</price>
        <car>
            <id>67</id>
        </car>
        <mechanic>
            <firstName>Sallyanne</firstName>
        </mechanic>
        <part>
            <id>30</id>
        </part>
    </task>
    <task>
        <date>2021-11-24 13:30:15</date>
        <price>1317.13</price>
        <car>
            <id>56</id>
        </car>
        <mechanic>
            <firstName>Lonnie</firstName>
        </mechanic>
        <part>
            <id>35</id>
        </part>
    </task>
    <task>
        <date>2022-05-24 08:27:29</date>
        <price>330.49</price>
        <car>
            <id>93</id>
        </car>
        <mechanic>
            <firstName>Evvie</firstName>
        </mechanic>
        <part>
            <id>34</id>
        </part>
    </task>
    <task>
        <date>2021-06-15 23:53:34</date>
        <price>1211.58</price>
        <car>
            <id>99</id>
        </car>
        <mechanic>
            <firstName>Flemming</firstName>
        </mechanic>
        <part>
            <id>21</id>
        </part>
    </task>
    <task>
        <date>2022-03-26 13:26:10</date>
        <price>431.82</price>
        <car>
            <id>93</id>
        </car>
        <mechanic>
            <firstName>Cassandre</firstName>
        </mechanic>
        <part>
            <id>21</id>
        </part>
    </task>
    <task>
        <date>2020-11-10 16:21:19</date>
        <price>1688.43</price>
        <car>
            <id>2</id>
        </car>
        <mechanic>
            <firstName>Alexei</firstName>
        </mechanic>
        <part>
            <id>8</id>
        </part>
    </task>
    <task>
        <date>2022-04-30 03:28:28</date>
        <price>1266.29</price>
        <car>
            <id>40</id>
        </car>
        <mechanic>
            <firstName>Kristoforo</firstName>
        </mechanic>
        <part>
            <id>6</id>
        </part>
    </task>
    <task>
        <date>2021-05-04 13:55:05</date>
        <price>108.48</price>
        <car>
            <id>76</id>
        </car>
        <mechanic>
            <firstName>Jephthah</firstName>
        </mechanic>
        <part>
            <id>19</id>
        </part>
    </task>
    <task>
        <date>2021-03-29 16:48:31</date>
        <price>1521.94</price>
        <car>
            <id>76</id>
        </car>
        <mechanic>
            <firstName>Gerladina</firstName>
        </mechanic>
        <part>
            <id>45</id>
        </part>
    </task>
    <task>
        <date>2022-04-27 16:00:40</date>
        <price>1111.56</price>
        <car>
            <id>57</id>
        </car>
        <mechanic>
            <firstName>Esdras</firstName>
        </mechanic>
        <part>
            <id>20</id>
        </part>
    </task>
    <task>
        <date>2021-10-01 19:32:29</date>
        <price>1599.9</price>
        <car>
            <id>96</id>
        </car>
        <mechanic>
            <firstName>Ashlie</firstName>
        </mechanic>
        <part>
            <id>11</id>
        </part>
    </task>
    <task>
        <date>2021-03-11 17:55:21</date>
        <price>1516.61</price>
        <car>
            <id>48</id>
        </car>
        <mechanic>
            <firstName>Caritta</firstName>
        </mechanic>
        <part>
            <id>28</id>
        </part>
    </task>
    <task>
        <date>2021-01-24 02:31:05</date>
        <price>846.4</price>
        <car>
            <id>74</id>
        </car>
        <mechanic>
            <firstName>Evvie</firstName>
        </mechanic>
        <part>
            <id>8</id>
        </part>
    </task>
    <task>
        <date>2022-08-22 23:32:15</date>
        <price>256.68</price>
        <car>
            <id>68</id>
        </car>
        <mechanic>
            <firstName>Lothaire</firstName>
        </mechanic>
        <part>
            <id>42</id>
        </part>
    </task>
    <task>
        <date>2021-05-15 06:06:01</date>
        <price>254.97</price>
        <car>
            <id>90</id>
        </car>
        <mechanic>
            <firstName>Sallyanne</firstName>
        </mechanic>
        <part>
            <id>2</id>
        </part>
    </task>
    <task>
        <date>2021-09-25 23:16:48</date>
        <price>427.87</price>
        <car>
            <id>42</id>
        </car>
        <mechanic>
            <firstName>Miguela</firstName>
        </mechanic>
        <part>
            <id>19</id>
        </part>
    </task>
    <task>
        <date>2022-05-27 22:10:38</date>
        <price>1217.8</price>
        <car>
            <id>45</id>
        </car>
        <mechanic>
            <firstName>Cary</firstName>
        </mechanic>
        <part>
            <id>12</id>
        </part>
    </task>
    <task>
        <date>2022-07-13 07:49:26</date>
        <price>425.25</price>
        <car>
            <id>9</id>
        </car>
        <mechanic>
            <firstName>Idalina</firstName>
        </mechanic>
        <part>
            <id>14</id>
        </part>
    </task>
    <task>
        <date>2021-07-25 13:51:17</date>
        <price>405.74</price>
        <car>
            <id>37</id>
        </car>
        <mechanic>
            <firstName>Onfroi</firstName>
        </mechanic>
        <part>
            <id>30</id>
        </part>
    </task>
    <task>
        <date>2021-10-29 18:38:10</date>
        <price>1397.66</price>
        <car>
            <id>90</id>
        </car>
        <mechanic>
            <firstName>Megan</firstName>
        </mechanic>
        <part>
            <id>19</id>
        </part>
    </task>
    <task>
        <date>2020-12-02 09:59:58</date>
        <price>1219.29</price>
        <car>
            <id>70</id>
        </car>
        <mechanic>
            <firstName>Don</firstName>
        </mechanic>
        <part>
            <id>39</id>
        </part>
    </task>
    <task>
        <date>2021-06-05 21:05:02</date>
        <price>1103.83</price>
        <car>
            <id>9</id>
        </car>
        <mechanic>
            <firstName>Ursula</firstName>
        </mechanic>
        <part>
            <id>19</id>
        </part>
    </task>
    <task>
        <date>2022-06-13 09:54:24</date>
        <price>1231.49</price>
        <car>
            <id>97</id>
        </car>
        <mechanic>
            <firstName>Flynn</firstName>
        </mechanic>
        <part>
            <id>25</id>
        </part>
    </task>
    <task>
        <date>2022-05-26 03:58:52</date>
        <price>219.43</price>
        <car>
            <id>17</id>
        </car>
        <mechanic>
            <firstName>Raphaela</firstName>
        </mechanic>
        <part>
            <id>16</id>
        </part>
    </task>
    <task>
        <date>2022-04-20 06:13:28</date>
        <price>383.66</price>
        <car>
            <id>15</id>
        </car>
        <mechanic>
            <firstName>Alexina</firstName>
        </mechanic>
        <part>
            <id>26</id>
        </part>
    </task>
    <task>
        <date>2021-10-27 22:48:42</date>
        <price>532.12</price>
        <car>
            <id>24</id>
        </car>
        <mechanic>
            <firstName>Bria</firstName>
        </mechanic>
        <part>
            <id>2</id>
        </part>
    </task>
    <task>
        <date>2021-12-03 23:05:51</date>
        <price>1262.46</price>
        <car>
            <id>34</id>
        </car>
        <mechanic>
            <firstName>Caldwell</firstName>
        </mechanic>
        <part>
            <id>42</id>
        </part>
    </task>
    <task>
        <date>2021-06-04 17:11:21</date>
        <price>859.04</price>
        <car>
            <id>60</id>
        </car>
        <mechanic>
            <firstName>Abbye</firstName>
        </mechanic>
        <part>
            <id>38</id>
        </part>
    </task>
    <task>
        <date>2021-01-02 22:48:43</date>
        <price>718.33</price>
        <car>
            <id>37</id>
        </car>
        <mechanic>
            <firstName>Margalo</firstName>
        </mechanic>
        <part>
            <id>29</id>
        </part>
    </task>
    <task>
        <date>2021-02-16 15:05:50</date>
        <price>1053.58</price>
        <car>
            <id>40</id>
        </car>
        <mechanic>
            <firstName>Tanhya</firstName>
        </mechanic>
        <part>
            <id>24</id>
        </part>
    </task>
    <task>
        <date>2022-01-27 09:29:05</date>
        <price>249.25</price>
        <car>
            <id>26</id>
        </car>
        <mechanic>
            <firstName>Madelaine</firstName>
        </mechanic>
        <part>
            <id>15</id>
        </part>
    </task>
    <task>
        <date>2020-11-06 06:56:35</date>
        <price>877.57</price>
        <car>
            <id>72</id>
        </car>
        <mechanic>
            <firstName>Evvie</firstName>
        </mechanic>
        <part>
            <id>9</id>
        </part>
    </task>
    <task>
        <date>2020-10-30 17:27:56</date>
        <price>1491.68</price>
        <car>
            <id>81</id>
        </car>
        <mechanic>
            <firstName>Maritsa</firstName>
        </mechanic>
        <part>
            <id>23</id>
        </part>
    </task>
    <task>
        <date>2021-12-09 13:25:10</date>
        <price>1509.85</price>
        <car>
            <id>15</id>
        </car>
        <mechanic>
            <firstName>Maritsa</firstName>
        </mechanic>
        <part>
            <id>1</id>
        </part>
    </task>
    <task>
        <date>2022-07-22 01:04:42</date>
        <price>764.74</price>
        <car>
            <id>19</id>
        </car>
        <mechanic>
            <firstName>Any</firstName>
        </mechanic>
        <part>
            <id>36</id>
        </part>
    </task>
    <task>
        <date>2022-06-08 05:32:32</date>
        <price>1563.12</price>
        <car>
            <id>20</id>
        </car>
        <mechanic>
            <firstName>Maritsa</firstName>
        </mechanic>
        <part>
            <id>16</id>
        </part>
    </task>
    <task>
        <date>2021-03-16 16:56:53</date>
        <price>1470.81</price>
        <car>
            <id>55</id>
        </car>
        <mechanic>
            <firstName>Devin</firstName>
        </mechanic>
        <part>
            <id>5</id>
        </part>
    </task>
    <task>
        <date>2021-10-21 07:06:49</date>
        <price>881.44</price>
        <car>
            <id>77</id>
        </car>
        <mechanic>
            <firstName>Koenraad</firstName>
        </mechanic>
        <part>
            <id>13</id>
        </part>
    </task>
    <task>
        <date>2021-04-03 09:10:48</date>
        <price>1435.3</price>
        <car>
            <id>72</id>
        </car>
        <mechanic>
            <firstName>Ximenez</firstName>
        </mechanic>
        <part>
            <id>16</id>
        </part>
    </task>
    <task>
        <date>2022-01-21 18:47:28</date>
        <price>1031.75</price>
        <car>
            <id>19</id>
        </car>
        <mechanic>
            <firstName>Sunny</firstName>
        </mechanic>
        <part>
            <id>29</id>
        </part>
    </task>
    <task>
        <date>2021-10-13 09:38:40</date>
        <price>410.09</price>
        <car>
            <id>57</id>
        </car>
        <mechanic>
            <firstName>Mab</firstName>
        </mechanic>
        <part>
            <id>5</id>
        </part>
    </task>
    <task>
        <date>2021-07-11 16:40:47</date>
        <price>731.81</price>
        <car>
            <id>55</id>
        </car>
        <mechanic>
            <firstName>Modesta</firstName>
        </mechanic>
        <part>
            <id>25</id>
        </part>
    </task>
    <task>
        <date>2020-11-14 16:14:05</date>
        <price>569.02</price>
        <car>
            <id>51</id>
        </car>
        <mechanic>
            <firstName>Brigit</firstName>
        </mechanic>
        <part>
            <id>7</id>
        </part>
    </task>
    <task>
        <date>2021-03-12 16:00:13</date>
        <price>1358.85</price>
        <car>
            <id>79</id>
        </car>
        <mechanic>
            <firstName>Justis</firstName>
        </mechanic>
        <part>
            <id>17</id>
        </part>
    </task>
    <task>
        <date>2022-03-29 06:46:12</date>
        <price>811.93</price>
        <car>
            <id>30</id>
        </car>
        <mechanic>
            <firstName>Laurens</firstName>
        </mechanic>
        <part>
            <id>2</id>
        </part>
    </task>
    <task>
        <date>2021-04-21 18:28:54</date>
        <price>1588.6</price>
        <car>
            <id>19</id>
        </car>
        <mechanic>
            <firstName>Jephthah</firstName>
        </mechanic>
        <part>
            <id>11</id>
        </part>
    </task>
    <task>
        <date>2021-12-09 14:44:03</date>
        <price>1272.91</price>
        <car>
            <id>31</id>
        </car>
        <mechanic>
            <firstName>Moira</firstName>
        </mechanic>
        <part>
            <id>20</id>
        </part>
    </task>
    <task>
        <date>2022-03-16 05:28:28</date>
        <price>683.08</price>
        <car>
            <id>77</id>
        </car>
        <mechanic>
            <firstName>Cary</firstName>
        </mechanic>
        <part>
            <id>46</id>
        </part>
    </task>
    <task>
        <date>2021-07-27 08:54:36</date>
        <price>1543.49</price>
        <car>
            <id>72</id>
        </car>
        <mechanic>
            <firstName>Althea</firstName>
        </mechanic>
        <part>
            <id>3</id>
        </part>
    </task>
    <task>
        <date>2021-04-29 08:05:10</date>
        <price>451.35</price>
        <car>
            <id>29</id>
        </car>
        <mechanic>
            <firstName>Modesta</firstName>
        </mechanic>
        <part>
            <id>38</id>
        </part>
    </task>
    <task>
        <date>2021-02-17 06:57:05</date>
        <price>1486.11</price>
        <car>
            <id>37</id>
        </car>
        <mechanic>
            <firstName>Paddie</firstName>
        </mechanic>
        <part>
            <id>42</id>
        </part>
    </task>
    <task>
        <date>2021-04-18 07:06:38</date>
        <price>1688.24</price>
        <car>
            <id>14</id>
        </car>
        <mechanic>
            <firstName>Teddy</firstName>
        </mechanic>
        <part>
            <id>11</id>
        </part>
    </task>
    <task>
        <date>2022-01-29 03:26:48</date>
        <price>843.44</price>
        <car>
            <id>72</id>
        </car>
        <mechanic>
            <firstName>Philly</firstName>
        </mechanic>
        <part>
            <id>20</id>
        </part>
    </task>
    <task>
        <date>2022-03-26 09:40:53</date>
        <price>1651.11</price>
        <car>
            <id>10</id>
        </car>
        <mechanic>
            <firstName>Pinchas</firstName>
        </mechanic>
        <part>
            <id>8</id>
        </part>
    </task>
    <task>
        <date>2022-07-17 07:47:41</date>
        <price>931.6</price>
        <car>
            <id>88</id>
        </car>
        <mechanic>
            <firstName>Maritsa</firstName>
        </mechanic>
        <part>
            <id>31</id>
        </part>
    </task>
    <task>
        <date>2022-09-16 01:26:44</date>
        <price>1414.99</price>
        <car>
            <id>97</id>
        </car>
        <mechanic>
            <firstName>Sharron</firstName>
        </mechanic>
        <part>
            <id>45</id>
        </part>
    </task>
    <task>
        <date>2021-07-07 15:05:52</date>
        <price>163.95</price>
        <car>
            <id>85</id>
        </car>
        <mechanic>
            <firstName>Modesta</firstName>
        </mechanic>
        <part>
            <id>42</id>
        </part>
    </task>
    <task>
        <date>2021-09-24 21:41:34</date>
        <price>157.82</price>
        <car>
            <id>76</id>
        </car>
        <mechanic>
            <firstName>Sallyanne</firstName>
        </mechanic>
        <part>
            <id>35</id>
        </part>
    </task>
    <task>
        <date>2022-09-06 06:33:40</date>
        <price>73.31</price>
        <car>
            <id>86</id>
        </car>
        <mechanic>
            <firstName>Papagena</firstName>
        </mechanic>
        <part>
            <id>34</id>
        </part>
    </task>
    <task>
        <date>2021-10-27 12:58:09</date>
        <price>1455.98</price>
        <car>
            <id>54</id>
        </car>
        <mechanic>
            <firstName>Mab</firstName>
        </mechanic>
        <part>
            <id>5</id>
        </part>
    </task>
    <task>
        <date>2021-07-25 20:06:09</date>
        <price>332.94</price>
        <car>
            <id>89</id>
        </car>
        <mechanic>
            <firstName>Flynn</firstName>
        </mechanic>
        <part>
            <id>19</id>
        </part>
    </task>
    <task>
        <date>2022-01-17 07:53:08</date>
        <price>1257.39</price>
        <car>
            <id>33</id>
        </car>
        <mechanic>
            <firstName>Pinchas</firstName>
        </mechanic>
        <part>
            <id>9</id>
        </part>
    </task>
    <task>
        <date>2021-08-20 19:49:18</date>
        <price>1003.14</price>
        <car>
            <id>95</id>
        </car>
        <mechanic>
            <firstName>Sandor</firstName>
        </mechanic>
        <part>
            <id>2</id>
        </part>
    </task>
    <task>
        <date>2022-06-06 04:57:53</date>
        <price>1329.86</price>
        <car>
            <id>66</id>
        </car>
        <mechanic>
            <firstName>Kristoforo</firstName>
        </mechanic>
        <part>
            <id>28</id>
        </part>
    </task>
    <task>
        <date>2021-05-27 18:51:57</date>
        <price>1446.7</price>
        <car>
            <id>13</id>
        </car>
        <mechanic>
            <firstName>Ashlie</firstName>
        </mechanic>
        <part>
            <id>36</id>
        </part>
    </task>
    <task>
        <date>2021-02-27 06:43:37</date>
        <price>347.19</price>
        <car>
            <id>23</id>
        </car>
        <mechanic>
            <firstName>Onfroi</firstName>
        </mechanic>
        <part>
            <id>24</id>
        </part>
    </task>
    <task>
        <date>2021-09-10 15:30:03</date>
        <price>203.45</price>
        <car>
            <id>3</id>
        </car>
        <mechanic>
            <firstName>Viva</firstName>
        </mechanic>
        <part>
            <id>5</id>
        </part>
    </task>
    <task>
        <date>2022-04-23 16:11:29</date>
        <price>82.77</price>
        <car>
            <id>21</id>
        </car>
        <mechanic>
            <firstName>Cleve</firstName>
        </mechanic>
        <part>
            <id>41</id>
        </part>
    </task>
    <task>
        <date>2021-08-06 23:51:56</date>
        <price>669.48</price>
        <car>
            <id>31</id>
        </car>
        <mechanic>
            <firstName>Moira</firstName>
        </mechanic>
        <part>
            <id>4</id>
        </part>
    </task>
    <task>
        <date>2022-02-24 07:49:34</date>
        <price>113.09</price>
        <car>
            <id>28</id>
        </car>
        <mechanic>
            <firstName>Kristoforo</firstName>
        </mechanic>
        <part>
            <id>32</id>
        </part>
    </task>
    <task>
        <date>2021-01-25 11:11:17</date>
        <price>283.38</price>
        <car>
            <id>59</id>
        </car>
        <mechanic>
            <firstName>Sallyanne</firstName>
        </mechanic>
        <part>
            <id>4</id>
        </part>
    </task>
    <task>
        <date>2022-02-21 12:23:08</date>
        <price>503.83</price>
        <car>
            <id>76</id>
        </car>
        <mechanic>
            <firstName>Roseline</firstName>
        </mechanic>
        <part>
            <id>32</id>
        </part>
    </task>
    <task>
        <date>2021-06-07 20:23:40</date>
        <price>415.89</price>
        <car>
            <id>87</id>
        </car>
        <mechanic>
            <firstName>Raphaela</firstName>
        </mechanic>
        <part>
            <id>44</id>
        </part>
    </task>
    <task>
        <date>2021-10-03 23:22:44</date>
        <price>878.29</price>
        <car>
            <id>5</id>
        </car>
        <mechanic>
            <firstName>Fiorenze</firstName>
        </mechanic>
        <part>
            <id>19</id>
        </part>
    </task>
    <task>
        <date>2022-07-24 15:21:02</date>
        <price>1166.22</price>
        <car>
            <id>82</id>
        </car>
        <mechanic>
            <firstName>Gerladina</firstName>
        </mechanic>
        <part>
            <id>13</id>
        </part>
    </task>
    <task>
        <date>2020-11-26 04:14:01</date>
        <price>878.78</price>
        <car>
            <id>98</id>
        </car>
        <mechanic>
            <firstName>Mariel</firstName>
        </mechanic>
        <part>
            <id>6</id>
        </part>
    </task>
    <task>
        <date>2021-03-06 02:55:29</date>
        <price>235.42</price>
        <car>
            <id>72</id>
        </car>
        <mechanic>
            <firstName>Moira</firstName>
        </mechanic>
        <part>
            <id>18</id>
        </part>
    </task>
    <task>
        <date>2020-12-28 13:48:06</date>
        <price>646.92</price>
        <car>
            <id>44</id>
        </car>
        <mechanic>
            <firstName>Dulcy</firstName>
        </mechanic>
        <part>
            <id>44</id>
        </part>
    </task>
    <task>
        <date>2021-05-07 13:20:04</date>
        <price>1377.06</price>
        <car>
            <id>45</id>
        </car>
        <mechanic>
            <firstName>Deanne</firstName>
        </mechanic>
        <part>
            <id>11</id>
        </part>
    </task>
    <task>
        <date>2020-11-06 13:31:09</date>
        <price>1288.95</price>
        <car>
            <id>89</id>
        </car>
        <mechanic>
            <firstName>Viva</firstName>
        </mechanic>
        <part>
            <id>37</id>
        </part>
    </task>
    <task>
        <date>2021-06-07 15:36:02</date>
        <price>386.74</price>
        <car>
            <id>57</id>
        </car>
        <mechanic>
            <firstName>Erda</firstName>
        </mechanic>
        <part>
            <id>30</id>
        </part>
    </task>
    <task>
        <date>2021-02-26 06:57:52</date>
        <price>404.12</price>
        <car>
            <id>96</id>
        </car>
        <mechanic>
            <firstName>Ebonee</firstName>
        </mechanic>
        <part>
            <id>12</id>
        </part>
    </task>
    <task>
        <date>2022-10-12 18:41:33</date>
        <price>1611.69</price>
        <car>
            <id>27</id>
        </car>
        <mechanic>
            <firstName>Don</firstName>
        </mechanic>
        <part>
            <id>14</id>
        </part>
    </task>
    <task>
        <date>2020-11-06 21:05:02</date>
        <price>1568.23</price>
        <car>
            <id>10</id>
        </car>
        <mechanic>
            <firstName>Hatty</firstName>
        </mechanic>
        <part>
            <id>13</id>
        </part>
    </task>
    <task>
        <date>2022-05-20 14:13:26</date>
        <price>1353.01</price>
        <car>
            <id>3</id>
        </car>
        <mechanic>
            <firstName>Roseline</firstName>
        </mechanic>
        <part>
            <id>12</id>
        </part>
    </task>
    <task>
        <date>2021-09-07 09:49:44</date>
        <price>236.61</price>
        <car>
            <id>52</id>
        </car>
        <mechanic>
            <firstName>Sharron</firstName>
        </mechanic>
        <part>
            <id>19</id>
        </part>
    </task>
    <task>
        <date>2021-08-17 15:25:37</date>
        <price>1345.62</price>
        <car>
            <id>29</id>
        </car>
        <mechanic>
            <firstName>Fiorenze</firstName>
        </mechanic>
        <part>
            <id>25</id>
        </part>
    </task>
    <task>
        <date>2021-10-31 13:28:03</date>
        <price>603.71</price>
        <car>
            <id>75</id>
        </car>
        <mechanic>
            <firstName>Allyn</firstName>
        </mechanic>
        <part>
            <id>36</id>
        </part>
    </task>
    <task>
        <date>2022-10-28 05:59:44</date>
        <price>619.37</price>
        <car>
            <id>95</id>
        </car>
        <mechanic>
            <firstName>Kristoforo</firstName>
        </mechanic>
        <part>
            <id>28</id>
        </part>
    </task>
    <task>
        <date>2022-07-25 01:36:48</date>
        <price>335.14</price>
        <car>
            <id>50</id>
        </car>
        <mechanic>
            <firstName>Rozanna</firstName>
        </mechanic>
        <part>
            <id>2</id>
        </part>
    </task>
    <task>
        <date>2021-07-11 16:57:21</date>
        <price>1247.45</price>
        <car>
            <id>8</id>
        </car>
        <mechanic>
            <firstName>Caren</firstName>
        </mechanic>
        <part>
            <id>29</id>
        </part>
    </task>
    <task>
        <date>2021-10-19 05:31:12</date>
        <price>1359.88</price>
        <car>
            <id>90</id>
        </car>
        <mechanic>
            <firstName>Thain</firstName>
        </mechanic>
        <part>
            <id>25</id>
        </part>
    </task>
    <task>
        <date>2021-01-31 18:11:59</date>
        <price>752.14</price>
        <car>
            <id>98</id>
        </car>
        <mechanic>
            <firstName>Raphaela</firstName>
        </mechanic>
        <part>
            <id>38</id>
        </part>
    </task>
    <task>
        <date>2022-04-22 21:36:02</date>
        <price>336.62</price>
        <car>
            <id>86</id>
        </car>
        <mechanic>
            <firstName>Esdras</firstName>
        </mechanic>
        <part>
            <id>14</id>
        </part>
    </task>
    <task>
        <date>2021-06-16 20:38:20</date>
        <price>993.11</price>
        <car>
            <id>63</id>
        </car>
        <mechanic>
            <firstName>Krystal</firstName>
        </mechanic>
        <part>
            <id>4</id>
        </part>
    </task>
    <task>
        <date>2021-02-22 19:20:40</date>
        <price>1408.22</price>
        <car>
            <id>6</id>
        </car>
        <mechanic>
            <firstName>Christie</firstName>
        </mechanic>
        <part>
            <id>20</id>
        </part>
    </task>
    <task>
        <date>2022-07-13 12:17:44</date>
        <price>510.02</price>
        <car>
            <id>82</id>
        </car>
        <mechanic>
            <firstName>Pia</firstName>
        </mechanic>
        <part>
            <id>26</id>
        </part>
    </task>
    <task>
        <date>2020-12-17 03:05:37</date>
        <price>633.1</price>
        <car>
            <id>50</id>
        </car>
        <mechanic>
            <firstName>Bria</firstName>
        </mechanic>
        <part>
            <id>27</id>
        </part>
    </task>
    <task>
        <date>2020-12-21 10:19:32</date>
        <price>565.32</price>
        <car>
            <id>22</id>
        </car>
        <mechanic>
            <firstName>Dulcy</firstName>
        </mechanic>
        <part>
            <id>17</id>
        </part>
    </task>
    <task>
        <date>2021-03-01 21:01:38</date>
        <price>1491.8</price>
        <car>
            <id>61</id>
        </car>
        <mechanic>
            <firstName>Thain</firstName>
        </mechanic>
        <part>
            <id>6</id>
        </part>
    </task>
    <task>
        <date>2022-06-27 12:14:02</date>
        <price>265.47</price>
        <car>
            <id>12</id>
        </car>
        <mechanic>
            <firstName>Delcina</firstName>
        </mechanic>
        <part>
            <id>45</id>
        </part>
    </task>
    <task>
        <date>2022-07-12 00:52:09</date>
        <price>1214.36</price>
        <car>
            <id>86</id>
        </car>
        <mechanic>
            <firstName>Lizbeth</firstName>
        </mechanic>
        <part>
            <id>7</id>
        </part>
    </task>
    <task>
        <date>2021-07-15 18:49:21</date>
        <price>703.23</price>
        <car>
            <id>88</id>
        </car>
        <mechanic>
            <firstName>Alanson</firstName>
        </mechanic>
        <part>
            <id>19</id>
        </part>
    </task>
    <task>
        <date>2022-03-31 00:28:04</date>
        <price>675.19</price>
        <car>
            <id>83</id>
        </car>
        <mechanic>
            <firstName>Lizbeth</firstName>
        </mechanic>
        <part>
            <id>11</id>
        </part>
    </task>
    <task>
        <date>2022-06-23 07:52:25</date>
        <price>243.4</price>
        <car>
            <id>35</id>
        </car>
        <mechanic>
            <firstName>Don</firstName>
        </mechanic>
        <part>
            <id>24</id>
        </part>
    </task>
    <task>
        <date>2021-07-26 15:30:51</date>
        <price>149.04</price>
        <car>
            <id>38</id>
        </car>
        <mechanic>
            <firstName>Hew</firstName>
        </mechanic>
        <part>
            <id>2</id>
        </part>
    </task>
    <task>
        <date>2022-05-02 11:27:56</date>
        <price>449.85</price>
        <car>
            <id>91</id>
        </car>
        <mechanic>
            <firstName>Alexei</firstName>
        </mechanic>
        <part>
            <id>37</id>
        </part>
    </task>
    <task>
        <date>2021-10-20 09:57:27</date>
        <price>107.47</price>
        <car>
            <id>75</id>
        </car>
        <mechanic>
            <firstName>Paddie</firstName>
        </mechanic>
        <part>
            <id>36</id>
        </part>
    </task>
    <task>
        <date>2021-02-22 06:17:29</date>
        <price>770.46</price>
        <car>
            <id>2</id>
        </car>
        <mechanic>
            <firstName>Cleve</firstName>
        </mechanic>
        <part>
            <id>17</id>
        </part>
    </task>
    <task>
        <date>2022-06-25 08:18:16</date>
        <price>883.65</price>
        <car>
            <id>2</id>
        </car>
        <mechanic>
            <firstName>Gerianne</firstName>
        </mechanic>
        <part>
            <id>38</id>
        </part>
    </task>
    <task>
        <date>2021-07-05 23:11:51</date>
        <price>1661.91</price>
        <car>
            <id>78</id>
        </car>
        <mechanic>
            <firstName>Cortney</firstName>
        </mechanic>
        <part>
            <id>43</id>
        </part>
    </task>
    <task>
        <date>2021-06-28 07:27:17</date>
        <price>1512.62</price>
        <car>
            <id>65</id>
        </car>
        <mechanic>
            <firstName>Lizbeth</firstName>
        </mechanic>
        <part>
            <id>46</id>
        </part>
    </task>
    <task>
        <date>2021-08-04 09:19:05</date>
        <price>853.91</price>
        <car>
            <id>27</id>
        </car>
        <mechanic>
            <firstName>Ashlie</firstName>
        </mechanic>
        <part>
            <id>25</id>
        </part>
    </task>
    <task>
        <date>2021-01-20 18:25:34</date>
        <price>923.29</price>
        <car>
            <id>56</id>
        </car>
        <mechanic>
            <firstName>Allyn</firstName>
        </mechanic>
        <part>
            <id>4</id>
        </part>
    </task>
    <task>
        <date>2022-05-24 21:57:32</date>
        <price>1116.77</price>
        <car>
            <id>13</id>
        </car>
        <mechanic>
            <firstName>Mandel</firstName>
        </mechanic>
        <part>
            <id>34</id>
        </part>
    </task>
    <task>
        <date>2022-07-19 08:13:46</date>
        <price>275.95</price>
        <car>
            <id>91</id>
        </car>
        <mechanic>
            <firstName>Philly</firstName>
        </mechanic>
        <part>
            <id>23</id>
        </part>
    </task>
    <task>
        <date>2021-07-03 01:16:08</date>
        <price>1572.55</price>
        <car>
            <id>49</id>
        </car>
        <mechanic>
            <firstName>Tanhya</firstName>
        </mechanic>
        <part>
            <id>31</id>
        </part>
    </task>
    <task>
        <date>2021-01-09 04:09:21</date>
        <price>990.18</price>
        <car>
            <id>50</id>
        </car>
        <mechanic>
            <firstName>Dulcy</firstName>
        </mechanic>
        <part>
            <id>15</id>
        </part>
    </task>
    <task>
        <date>2022-06-08 12:17:22</date>
        <price>43.68</price>
        <car>
            <id>46</id>
        </car>
        <mechanic>
            <firstName>Dene</firstName>
        </mechanic>
        <part>
            <id>41</id>
        </part>
    </task>
    <task>
        <date>2022-03-08 18:09:32</date>
        <price>1594.36</price>
        <car>
            <id>35</id>
        </car>
        <mechanic>
            <firstName>Idalina</firstName>
        </mechanic>
        <part>
            <id>48</id>
        </part>
    </task>
    <task>
        <date>2021-09-07 05:36:20</date>
        <price>926.93</price>
        <car>
            <id>36</id>
        </car>
        <mechanic>
            <firstName>Justis</firstName>
        </mechanic>
        <part>
            <id>2</id>
        </part>
    </task>
    <task>
        <date>2022-10-15 12:26:48</date>
        <price>881.94</price>
        <car>
            <id>60</id>
        </car>
        <mechanic>
            <firstName>Caritta</firstName>
        </mechanic>
        <part>
            <id>3</id>
        </part>
    </task>
    <task>
        <date>2020-11-11 11:41:54</date>
        <price>987.28</price>
        <car>
            <id>96</id>
        </car>
        <mechanic>
            <firstName>Cary</firstName>
        </mechanic>
        <part>
            <id>7</id>
        </part>
    </task>
    <task>
        <date>2021-09-26 02:02:11</date>
        <price>863.06</price>
        <car>
            <id>41</id>
        </car>
        <mechanic>
            <firstName>Ursula</firstName>
        </mechanic>
        <part>
            <id>21</id>
        </part>
    </task>
    <task>
        <date>2022-06-29 03:22:05</date>
        <price>1396.82</price>
        <car>
            <id>73</id>
        </car>
        <mechanic>
            <firstName>Maritsa</firstName>
        </mechanic>
        <part>
            <id>43</id>
        </part>
    </task>
    <task>
        <date>2021-10-01 15:59:37</date>
        <price>343.96</price>
        <car>
            <id>2</id>
        </car>
        <mechanic>
            <firstName>Roshelle</firstName>
        </mechanic>
        <part>
            <id>2</id>
        </part>
    </task>
    <task>
        <date>2021-08-14 05:25:56</date>
        <price>1213.46</price>
        <car>
            <id>54</id>
        </car>
        <mechanic>
            <firstName>Hatty</firstName>
        </mechanic>
        <part>
            <id>40</id>
        </part>
    </task>
    <task>
        <date>2020-11-20 08:21:19</date>
        <price>1617.75</price>
        <car>
            <id>41</id>
        </car>
        <mechanic>
            <firstName>Zuzana</firstName>
        </mechanic>
        <part>
            <id>32</id>
        </part>
    </task>
    <task>
        <date>2022-08-24 19:04:02</date>
        <price>1181.9</price>
        <car>
            <id>71</id>
        </car>
        <mechanic>
            <firstName>Fiorenze</firstName>
        </mechanic>
        <part>
            <id>41</id>
        </part>
    </task>
    <task>
        <date>2021-02-15 03:20:09</date>
        <price>1346.2</price>
        <car>
            <id>44</id>
        </car>
        <mechanic>
            <firstName>Nickie</firstName>
        </mechanic>
        <part>
            <id>31</id>
        </part>
    </task>
    <task>
        <date>2021-10-13 06:15:25</date>
        <price>544.05</price>
        <car>
            <id>94</id>
        </car>
        <mechanic>
            <firstName>Fiorenze</firstName>
        </mechanic>
        <part>
            <id>28</id>
        </part>
    </task>
    <task>
        <date>2021-03-30 15:44:21</date>
        <price>1183.43</price>
        <car>
            <id>76</id>
        </car>
        <mechanic>
            <firstName>Krystal</firstName>
        </mechanic>
        <part>
            <id>12</id>
        </part>
    </task>
    <task>
        <date>2021-12-08 23:43:02</date>
        <price>649.39</price>
        <car>
            <id>74</id>
        </car>
        <mechanic>
            <firstName>Papagena</firstName>
        </mechanic>
        <part>
            <id>10</id>
        </part>
    </task>
    <task>
        <date>2021-06-27 09:36:40</date>
        <price>566.83</price>
        <car>
            <id>70</id>
        </car>
        <mechanic>
            <firstName>Ximenez</firstName>
        </mechanic>
        <part>
            <id>45</id>
        </part>
    </task>
    <task>
        <date>2021-04-14 08:30:28</date>
        <price>633.77</price>
        <car>
            <id>80</id>
        </car>
        <mechanic>
            <firstName>Lonnie</firstName>
        </mechanic>
        <part>
            <id>35</id>
        </part>
    </task>
    <task>
        <date>2022-09-28 15:46:23</date>
        <price>843.76</price>
        <car>
            <id>87</id>
        </car>
        <mechanic>
            <firstName>Philly</firstName>
        </mechanic>
        <part>
            <id>46</id>
        </part>
    </task>
    <task>
        <date>2020-11-25 16:53:49</date>
        <price>1052.83</price>
        <car>
            <id>51</id>
        </car>
        <mechanic>
            <firstName>Marysa</firstName>
        </mechanic>
        <part>
            <id>22</id>
        </part>
    </task>
    <task>
        <date>2022-02-26 23:50:05</date>
        <price>1538.82</price>
        <car>
            <id>98</id>
        </car>
        <mechanic>
            <firstName>Kristoforo</firstName>
        </mechanic>
        <part>
            <id>35</id>
        </part>
    </task>
    <task>
        <date>2021-11-12 00:13:38</date>
        <price>239.43</price>
        <car>
            <id>57</id>
        </car>
        <mechanic>
            <firstName>Tanhya</firstName>
        </mechanic>
        <part>
            <id>24</id>
        </part>
    </task>
    <task>
        <date>2022-05-13 07:53:08</date>
        <price>1204.71</price>
        <car>
            <id>10</id>
        </car>
        <mechanic>
            <firstName>Miguela</firstName>
        </mechanic>
        <part>
            <id>28</id>
        </part>
    </task>
    <task>
        <date>2021-11-27 12:25:19</date>
        <price>179.5</price>
        <car>
            <id>21</id>
        </car>
        <mechanic>
            <firstName>Abbye</firstName>
        </mechanic>
        <part>
            <id>45</id>
        </part>
    </task>
    <task>
        <date>2020-12-17 12:29:15</date>
        <price>932.43</price>
        <car>
            <id>86</id>
        </car>
        <mechanic>
            <firstName>Nickie</firstName>
        </mechanic>
        <part>
            <id>31</id>
        </part>
    </task>
    <task>
        <date>2021-09-19 07:04:40</date>
        <price>1037.95</price>
        <car>
            <id>38</id>
        </car>
        <mechanic>
            <firstName>Gerladina</firstName>
        </mechanic>
        <part>
            <id>37</id>
        </part>
    </task>
    <task>
        <date>2022-05-22 11:29:25</date>
        <price>840.89</price>
        <car>
            <id>58</id>
        </car>
        <mechanic>
            <firstName>Leopold</firstName>
        </mechanic>
        <part>
            <id>45</id>
        </part>
    </task>
    <task>
        <date>2020-11-13 19:36:41</date>
        <price>316.94</price>
        <car>
            <id>84</id>
        </car>
        <mechanic>
            <firstName>Lonnie</firstName>
        </mechanic>
        <part>
            <id>14</id>
        </part>
    </task>
    <task>
        <date>2022-01-09 05:48:16</date>
        <price>1436.39</price>
        <car>
            <id>18</id>
        </car>
        <mechanic>
            <firstName>Kristoforo</firstName>
        </mechanic>
        <part>
            <id>27</id>
        </part>
    </task>
    <task>
        <date>2022-07-07 09:18:36</date>
        <price>1279.19</price>
        <car>
            <id>8</id>
        </car>
        <mechanic>
            <firstName>Hanan</firstName>
        </mechanic>
        <part>
            <id>29</id>
        </part>
    </task>
    <task>
        <date>2021-07-13 04:01:43</date>
        <price>906.01</price>
        <car>
            <id>22</id>
        </car>
        <mechanic>
            <firstName>Mariel</firstName>
        </mechanic>
        <part>
            <id>34</id>
        </part>
    </task>
    <task>
        <date>2021-08-19 19:26:12</date>
        <price>1588.73</price>
        <car>
            <id>90</id>
        </car>
        <mechanic>
            <firstName>Orsa</firstName>
        </mechanic>
        <part>
            <id>43</id>
        </part>
    </task>
    <task>
        <date>2022-05-08 13:50:11</date>
        <price>195.55</price>
        <car>
            <id>60</id>
        </car>
        <mechanic>
            <firstName>Teddy</firstName>
        </mechanic>
        <part>
            <id>6</id>
        </part>
    </task>
    <task>
        <date>2021-08-29 13:32:42</date>
        <price>1267.66</price>
        <car>
            <id>87</id>
        </car>
        <mechanic>
            <firstName>Pia</firstName>
        </mechanic>
        <part>
            <id>5</id>
        </part>
    </task>
    <task>
        <date>2021-02-18 01:17:35</date>
        <price>388.01</price>
        <car>
            <id>98</id>
        </car>
        <mechanic>
            <firstName>Raphaela</firstName>
        </mechanic>
        <part>
            <id>45</id>
        </part>
    </task>
    <task>
        <date>2021-03-10 09:47:18</date>
        <price>365.34</price>
        <car>
            <id>1</id>
        </car>
        <mechanic>
            <firstName>Pia</firstName>
        </mechanic>
        <part>
            <id>27</id>
        </part>
    </task>
    <task>
        <date>2020-11-13 13:25:10</date>
        <price>357.35</price>
        <car>
            <id>1</id>
        </car>
        <mechanic>
            <firstName>Pinchas</firstName>
        </mechanic>
        <part>
            <id>5</id>
        </part>
    </task>
    <task>
        <date>2021-04-13 09:57:39</date>
        <price>163.3</price>
        <car>
            <id>44</id>
        </car>
        <mechanic>
            <firstName>Koenraad</firstName>
        </mechanic>
        <part>
            <id>29</id>
        </part>
    </task>
    <task>
        <date>2022-07-07 18:29:02</date>
        <price>188.55</price>
        <car>
            <id>62</id>
        </car>
        <mechanic>
            <firstName>Christie</firstName>
        </mechanic>
        <part>
            <id>8</id>
        </part>
    </task>
    <task>
        <date>2021-08-11 19:48:25</date>
        <price>981.49</price>
        <car>
            <id>65</id>
        </car>
        <mechanic>
            <firstName>Ximenez</firstName>
        </mechanic>
        <part>
            <id>48</id>
        </part>
    </task>
    <task>
        <date>2022-07-14 18:53:06</date>
        <price>105.47</price>
        <car>
            <id>18</id>
        </car>
        <mechanic>
            <firstName>Osbourne</firstName>
        </mechanic>
        <part>
            <id>5</id>
        </part>
    </task>
    <task>
        <date>2022-09-18 16:02:11</date>
        <price>1640.75</price>
        <car>
            <id>96</id>
        </car>
        <mechanic>
            <firstName>Rubi</firstName>
        </mechanic>
        <part>
            <id>47</id>
        </part>
    </task>
    <task>
        <date>2022-09-27 06:39:46</date>
        <price>136.07</price>
        <car>
            <id>29</id>
        </car>
        <mechanic>
            <firstName>Koenraad</firstName>
        </mechanic>
        <part>
            <id>6</id>
        </part>
    </task>
    <task>
        <date>2022-05-04 19:29:01</date>
        <price>1123.98</price>
        <car>
            <id>61</id>
        </car>
        <mechanic>
            <firstName>Hew</firstName>
        </mechanic>
        <part>
            <id>30</id>
        </part>
    </task>
    <task>
        <date>2021-05-10 19:05:16</date>
        <price>1002.09</price>
        <car>
            <id>24</id>
        </car>
        <mechanic>
            <firstName>Allyn</firstName>
        </mechanic>
        <part>
            <id>45</id>
        </part>
    </task>
    <task>
        <date>2022-04-20 19:24:51</date>
        <price>1509.5</price>
        <car>
            <id>20</id>
        </car>
        <mechanic>
            <firstName>Osbourne</firstName>
        </mechanic>
        <part>
            <id>39</id>
        </part>
    </task>
    <task>
        <date>2021-09-22 11:25:23</date>
        <price>134.79</price>
        <car>
            <id>1</id>
        </car>
        <mechanic>
            <firstName>Tanhya</firstName>
        </mechanic>
        <part>
            <id>25</id>
        </part>
    </task>
    <task>
        <date>2022-01-21 19:59:15</date>
        <price>643.45</price>
        <car>
            <id>89</id>
        </car>
        <mechanic>
            <firstName>Sharron</firstName>
        </mechanic>
        <part>
            <id>17</id>
        </part>
    </task>
    <task>
        <date>2021-10-10 13:44:11</date>
        <price>1641.28</price>
        <car>
            <id>39</id>
        </car>
        <mechanic>
            <firstName>Thain</firstName>
        </mechanic>
        <part>
            <id>6</id>
        </part>
    </task>
    <task>
        <date>2022-07-17 03:14:48</date>
        <price>813.33</price>
        <car>
            <id>6</id>
        </car>
        <mechanic>
            <firstName>Laurens</firstName>
        </mechanic>
        <part>
            <id>45</id>
        </part>
    </task>
    <task>
        <date>2021-08-29 12:57:11</date>
        <price>1342.29</price>
        <car>
            <id>26</id>
        </car>
        <mechanic>
            <firstName>Tanhya</firstName>
        </mechanic>
        <part>
            <id>40</id>
        </part>
    </task>
    <task>
        <date>2021-03-13 04:03:21</date>
        <price>1579.04</price>
        <car>
            <id>68</id>
        </car>
        <mechanic>
            <firstName>Hanan</firstName>
        </mechanic>
        <part>
            <id>11</id>
        </part>
    </task>
    <task>
        <date>2021-06-06 23:07:08</date>
        <price>60.03</price>
        <car>
            <id>33</id>
        </car>
        <mechanic>
            <firstName>Pia</firstName>
        </mechanic>
        <part>
            <id>36</id>
        </part>
    </task>
    <task>
        <date>2021-08-17 15:13:31</date>
        <price>632.54</price>
        <car>
            <id>66</id>
        </car>
        <mechanic>
            <firstName>Lothaire</firstName>
        </mechanic>
        <part>
            <id>20</id>
        </part>
    </task>
    <task>
        <date>2022-08-04 04:05:04</date>
        <price>1176.79</price>
        <car>
            <id>11</id>
        </car>
        <mechanic>
            <firstName>Raphaela</firstName>
        </mechanic>
        <part>
            <id>9</id>
        </part>
    </task>
    <task>
        <date>2021-07-12 12:24:06</date>
        <price>331.53</price>
        <car>
            <id>2</id>
        </car>
        <mechanic>
            <firstName>Caldwell</firstName>
        </mechanic>
        <part>
            <id>32</id>
        </part>
    </task>
    <task>
        <date>2022-09-24 00:15:21</date>
        <price>1561.5</price>
        <car>
            <id>98</id>
        </car>
        <mechanic>
            <firstName>Ashlie</firstName>
        </mechanic>
        <part>
            <id>11</id>
        </part>
    </task>
    <task>
        <date>2020-12-12 14:16:21</date>
        <price>877.75</price>
        <car>
            <id>92</id>
        </car>
        <mechanic>
            <firstName>Pia</firstName>
        </mechanic>
        <part>
            <id>7</id>
        </part>
    </task>
    <task>
        <date>2021-09-15 21:45:35</date>
        <price>375.36</price>
        <car>
            <id>50</id>
        </car>
        <mechanic>
            <firstName>Averill</firstName>
        </mechanic>
        <part>
            <id>39</id>
        </part>
    </task>
    <task>
        <date>2022-07-09 04:12:21</date>
        <price>1055.51</price>
        <car>
            <id>38</id>
        </car>
        <mechanic>
            <firstName>Nickie</firstName>
        </mechanic>
        <part>
            <id>33</id>
        </part>
    </task>
    <task>
        <date>2021-07-11 09:53:04</date>
        <price>1424.48</price>
        <car>
            <id>31</id>
        </car>
        <mechanic>
            <firstName>Koenraad</firstName>
        </mechanic>
        <part>
            <id>26</id>
        </part>
    </task>
    <task>
        <date>2021-12-20 13:43:41</date>
        <price>250.28</price>
        <car>
            <id>46</id>
        </car>
        <mechanic>
            <firstName>Ollie</firstName>
        </mechanic>
        <part>
            <id>43</id>
        </part>
    </task>
    <task>
        <date>2021-10-25 23:33:39</date>
        <price>933.83</price>
        <car>
            <id>82</id>
        </car>
        <mechanic>
            <firstName>Giacobo</firstName>
        </mechanic>
        <part>
            <id>35</id>
        </part>
    </task>
    <task>
        <date>2022-03-26 23:11:18</date>
        <price>340.73</price>
        <car>
            <id>35</id>
        </car>
        <mechanic>
            <firstName>Laurens</firstName>
        </mechanic>
        <part>
            <id>39</id>
        </part>
    </task>
    <task>
        <date>2020-12-18 05:38:08</date>
        <price>228.5</price>
        <car>
            <id>4</id>
        </car>
        <mechanic>
            <firstName>Marysa</firstName>
        </mechanic>
        <part>
            <id>25</id>
        </part>
    </task>
    <task>
        <date>2022-09-04 05:00:55</date>
        <price>819.41</price>
        <car>
            <id>91</id>
        </car>
        <mechanic>
            <firstName>Krystal</firstName>
        </mechanic>
        <part>
            <id>23</id>
        </part>
    </task>
    <task>
        <date>2022-06-20 05:11:52</date>
        <price>1503.09</price>
        <car>
            <id>17</id>
        </car>
        <mechanic>
            <firstName>Cortney</firstName>
        </mechanic>
        <part>
            <id>42</id>
        </part>
    </task>
    <task>
        <date>2022-07-15 13:23:30</date>
        <price>625.35</price>
        <car>
            <id>89</id>
        </car>
        <mechanic>
            <firstName>Alexei</firstName>
        </mechanic>
        <part>
            <id>37</id>
        </part>
    </task>
    <task>
        <date>2021-07-17 22:29:47</date>
        <price>233.26</price>
        <car>
            <id>62</id>
        </car>
        <mechanic>
            <firstName>Dulcy</firstName>
        </mechanic>
        <part>
            <id>14</id>
        </part>
    </task>
    <task>
        <date>2020-12-12 22:48:42</date>
        <price>1156.38</price>
        <car>
            <id>84</id>
        </car>
        <mechanic>
            <firstName>Bria</firstName>
        </mechanic>
        <part>
            <id>42</id>
        </part>
    </task>
    <task>
        <date>2021-09-18 15:15:37</date>
        <price>1694.59</price>
        <car>
            <id>59</id>
        </car>
        <mechanic>
            <firstName>Lorna</firstName>
        </mechanic>
        <part>
            <id>34</id>
        </part>
    </task>
    <task>
        <date>2021-03-15 05:29:57</date>
        <price>1174.43</price>
        <car>
            <id>67</id>
        </car>
        <mechanic>
            <firstName>Tanhya</firstName>
        </mechanic>
        <part>
            <id>17</id>
        </part>
    </task>
    <task>
        <date>2021-06-15 04:03:50</date>
        <price>999.65</price>
        <car>
            <id>74</id>
        </car>
        <mechanic>
            <firstName>Abbye</firstName>
        </mechanic>
        <part>
            <id>24</id>
        </part>
    </task>
    <task>
        <date>2021-02-07 13:12:01</date>
        <price>512.93</price>
        <car>
            <id>12</id>
        </car>
        <mechanic>
            <firstName>Maritsa</firstName>
        </mechanic>
        <part>
            <id>42</id>
        </part>
    </task>
    <task>
        <date>2021-05-22 09:01:19</date>
        <price>674.09</price>
        <car>
            <id>79</id>
        </car>
        <mechanic>
            <firstName>Alexei</firstName>
        </mechanic>
        <part>
            <id>16</id>
        </part>
    </task>
    <task>
        <date>2022-05-26 06:25:39</date>
        <price>1155.33</price>
        <car>
            <id>98</id>
        </car>
        <mechanic>
            <firstName>Viva</firstName>
        </mechanic>
        <part>
            <id>30</id>
        </part>
    </task>
    <task>
        <date>2022-02-16 00:30:32</date>
        <price>1089.51</price>
        <car>
            <id>88</id>
        </car>
        <mechanic>
            <firstName>Modesta</firstName>
        </mechanic>
        <part>
            <id>4</id>
        </part>
    </task>
    <task>
        <date>2021-03-08 22:15:59</date>
        <price>1056.6</price>
        <car>
            <id>76</id>
        </car>
        <mechanic>
            <firstName>Hatty</firstName>
        </mechanic>
        <part>
            <id>41</id>
        </part>
    </task>
    <task>
        <date>2022-09-12 06:16:00</date>
        <price>611.21</price>
        <car>
            <id>61</id>
        </car>
        <mechanic>
            <firstName>Hanan</firstName>
        </mechanic>
        <part>
            <id>36</id>
        </part>
    </task>
    <task>
        <date>2022-04-09 01:28:53</date>
        <price>726.94</price>
        <car>
            <id>26</id>
        </car>
        <mechanic>
            <firstName>Delcina</firstName>
        </mechanic>
        <part>
            <id>30</id>
        </part>
    </task>
    <task>
        <date>2021-02-06 14:27:50</date>
        <price>751.97</price>
        <car>
            <id>40</id>
        </car>
        <mechanic>
            <firstName>Hew</firstName>
        </mechanic>
        <part>
            <id>43</id>
        </part>
    </task>
    <task>
        <date>2021-12-22 22:50:19</date>
        <price>1691.29</price>
        <car>
            <id>64</id>
        </car>
        <mechanic>
            <firstName>Marchall</firstName>
        </mechanic>
        <part>
            <id>21</id>
        </part>
    </task>
    <task>
        <date>2022-04-10 15:34:38</date>
        <price>390.85</price>
        <car>
            <id>59</id>
        </car>
        <mechanic>
            <firstName>Devin</firstName>
        </mechanic>
        <part>
            <id>40</id>
        </part>
    </task>
    <task>
        <date>2022-08-28 22:14:53</date>
        <price>103.17</price>
        <car>
            <id>29</id>
        </car>
        <mechanic>
            <firstName>Giacobo</firstName>
        </mechanic>
        <part>
            <id>11</id>
        </part>
    </task>
    <task>
        <date>2022-07-21 05:29:18</date>
        <price>462.97</price>
        <car>
            <id>86</id>
        </car>
        <mechanic>
            <firstName>Roseline</firstName>
        </mechanic>
        <part>
            <id>26</id>
        </part>
    </task>
    <task>
        <date>2022-07-04 20:06:05</date>
        <price>450.78</price>
        <car>
            <id>18</id>
        </car>
        <mechanic>
            <firstName>Christie</firstName>
        </mechanic>
        <part>
            <id>16</id>
        </part>
    </task>
    <task>
        <date>2022-07-19 11:53:31</date>
        <price>1391.31</price>
        <car>
            <id>17</id>
        </car>
        <mechanic>
            <firstName>Orsa</firstName>
        </mechanic>
        <part>
            <id>3</id>
        </part>
    </task>
    <task>
        <date>2021-08-22 08:27:21</date>
        <price>1271.75</price>
        <car>
            <id>16</id>
        </car>
        <mechanic>
            <firstName>Pinchas</firstName>
        </mechanic>
        <part>
            <id>31</id>
        </part>
    </task>
    <task>
        <date>2022-08-24 23:58:52</date>
        <price>1041.44</price>
        <car>
            <id>67</id>
        </car>
        <mechanic>
            <firstName>Mandel</firstName>
        </mechanic>
        <part>
            <id>7</id>
        </part>
    </task>
    <task>
        <date>2021-02-02 09:38:52</date>
        <price>266.82</price>
        <car>
            <id>63</id>
        </car>
        <mechanic>
            <firstName>Flemming</firstName>
        </mechanic>
        <part>
            <id>15</id>
        </part>
    </task>
    <task>
        <date>2021-12-15 16:23:17</date>
        <price>1438.96</price>
        <car>
            <id>34</id>
        </car>
        <mechanic>
            <firstName>Mab</firstName>
        </mechanic>
        <part>
            <id>23</id>
        </part>
    </task>
    <task>
        <date>2021-06-19 01:07:59</date>
        <price>644.19</price>
        <car>
            <id>22</id>
        </car>
        <mechanic>
            <firstName>Miguela</firstName>
        </mechanic>
        <part>
            <id>38</id>
        </part>
    </task>
    <task>
        <date>2021-10-01 09:17:31</date>
        <price>882.38</price>
        <car>
            <id>97</id>
        </car>
        <mechanic>
            <firstName>Ursula</firstName>
        </mechanic>
        <part>
            <id>27</id>
        </part>
    </task>
    <task>
        <date>2021-03-03 16:37:35</date>
        <price>512.88</price>
        <car>
            <id>52</id>
        </car>
        <mechanic>
            <firstName>Onfroi</firstName>
        </mechanic>
        <part>
            <id>41</id>
        </part>
    </task>
    <task>
        <date>2022-06-24 09:00:16</date>
        <price>837.46</price>
        <car>
            <id>42</id>
        </car>
        <mechanic>
            <firstName>Orsa</firstName>
        </mechanic>
        <part>
            <id>33</id>
        </part>
    </task>
    <task>
        <date>2021-06-28 22:14:11</date>
        <price>1533.08</price>
        <car>
            <id>31</id>
        </car>
        <mechanic>
            <firstName>Ursula</firstName>
        </mechanic>
        <part>
            <id>5</id>
        </part>
    </task>
    <task>
        <date>2021-08-04 05:03:06</date>
        <price>1283.38</price>
        <car>
            <id>36</id>
        </car>
        <mechanic>
            <firstName>Nickie</firstName>
        </mechanic>
        <part>
            <id>33</id>
        </part>
    </task>
    <task>
        <date>2021-07-24 04:18:45</date>
        <price>1045.96</price>
        <car>
            <id>91</id>
        </car>
        <mechanic>
            <firstName>Ursula</firstName>
        </mechanic>
        <part>
            <id>34</id>
        </part>
    </task>
    <task>
        <date>2021-09-14 19:31:17</date>
        <price>1211.74</price>
        <car>
            <id>40</id>
        </car>
        <mechanic>
            <firstName>Marysa</firstName>
        </mechanic>
        <part>
            <id>47</id>
        </part>
    </task>
    <task>
        <date>2022-04-23 12:56:02</date>
        <price>1662.59</price>
        <car>
            <id>95</id>
        </car>
        <mechanic>
            <firstName>Lothaire</firstName>
        </mechanic>
        <part>
            <id>25</id>
        </part>
    </task>
    <task>
        <date>2021-06-03 09:24:08</date>
        <price>763.46</price>
        <car>
            <id>56</id>
        </car>
        <mechanic>
            <firstName>Maritsa</firstName>
        </mechanic>
        <part>
            <id>32</id>
        </part>
    </task>
    <task>
        <date>2022-03-04 10:17:00</date>
        <price>488.78</price>
        <car>
            <id>12</id>
        </car>
        <mechanic>
            <firstName>Maritsa</firstName>
        </mechanic>
        <part>
            <id>1</id>
        </part>
    </task>
    <task>
        <date>2022-03-26 15:52:43</date>
        <price>495.03</price>
        <car>
            <id>36</id>
        </car>
        <mechanic>
            <firstName>Giacobo</firstName>
        </mechanic>
        <part>
            <id>17</id>
        </part>
    </task>
    <task>
        <date>2022-08-03 09:29:54</date>
        <price>647.31</price>
        <car>
            <id>66</id>
        </car>
        <mechanic>
            <firstName>Miguela</firstName>
        </mechanic>
        <part>
            <id>5</id>
        </part>
    </task>
    <task>
        <date>2022-09-22 15:15:42</date>
        <price>1660.97</price>
        <car>
            <id>20</id>
        </car>
        <mechanic>
            <firstName>Delcina</firstName>
        </mechanic>
        <part>
            <id>27</id>
        </part>
    </task>
    <task>
        <date>2022-01-10 14:05:32</date>
        <price>1334.91</price>
        <car>
            <id>47</id>
        </car>
        <mechanic>
            <firstName>Orsa</firstName>
        </mechanic>
        <part>
            <id>29</id>
        </part>
    </task>
    <task>
        <date>2022-09-18 14:26:33</date>
        <price>1257.97</price>
        <car>
            <id>85</id>
        </car>
        <mechanic>
            <firstName>Coleen</firstName>
        </mechanic>
        <part>
            <id>18</id>
        </part>
    </task>
    <task>
        <date>2021-06-06 23:09:45</date>
        <price>1611.9</price>
        <car>
            <id>85</id>
        </car>
        <mechanic>
            <firstName>Sallyanne</firstName>
        </mechanic>
        <part>
            <id>13</id>
        </part>
    </task>
    <task>
        <date>2021-04-20 16:04:46</date>
        <price>1210.84</price>
        <car>
            <id>59</id>
        </car>
        <mechanic>
            <firstName>Miguela</firstName>
        </mechanic>
        <part>
            <id>39</id>
        </part>
    </task>
    <task>
        <date>2022-01-26 20:37:59</date>
        <price>1426.07</price>
        <car>
            <id>59</id>
        </car>
        <mechanic>
            <firstName>Flemming</firstName>
        </mechanic>
        <part>
            <id>39</id>
        </part>
    </task>
    <task>
        <date>2021-04-11 22:03:56</date>
        <price>1353.91</price>
        <car>
            <id>4</id>
        </car>
        <mechanic>
            <firstName>Margot</firstName>
        </mechanic>
        <part>
            <id>30</id>
        </part>
    </task>
    <task>
        <date>2022-04-18 08:26:42</date>
        <price>1642.68</price>
        <car>
            <id>45</id>
        </car>
        <mechanic>
            <firstName>Idalina</firstName>
        </mechanic>
        <part>
            <id>31</id>
        </part>
    </task>
    <task>
        <date>2021-08-21 11:16:18</date>
        <price>715.6</price>
        <car>
            <id>32</id>
        </car>
        <mechanic>
            <firstName>Claretta</firstName>
        </mechanic>
        <part>
            <id>38</id>
        </part>
    </task>
    <task>
        <date>2022-04-09 20:45:13</date>
        <price>970.82</price>
        <car>
            <id>25</id>
        </car>
        <mechanic>
            <firstName>Flemming</firstName>
        </mechanic>
        <part>
            <id>7</id>
        </part>
    </task>
    <task>
        <date>2020-11-01 18:51:12</date>
        <price>1226.37</price>
        <car>
            <id>43</id>
        </car>
        <mechanic>
            <firstName>Gerladina</firstName>
        </mechanic>
        <part>
            <id>37</id>
        </part>
    </task>
    <task>
        <date>2021-08-23 03:54:58</date>
        <price>881.16</price>
        <car>
            <id>84</id>
        </car>
        <mechanic>
            <firstName>Ozzie</firstName>
        </mechanic>
        <part>
            <id>21</id>
        </part>
    </task>
    <task>
        <date>2022-07-25 00:23:02</date>
        <price>424.3</price>
        <car>
            <id>92</id>
        </car>
        <mechanic>
            <firstName>Lothaire</firstName>
        </mechanic>
        <part>
            <id>28</id>
        </part>
    </task>
    <task>
        <date>2022-01-26 21:52:28</date>
        <price>604.88</price>
        <car>
            <id>53</id>
        </car>
        <mechanic>
            <firstName>Sharron</firstName>
        </mechanic>
        <part>
            <id>33</id>
        </part>
    </task>
    <task>
        <date>2021-11-17 18:38:47</date>
        <price>711.45</price>
        <car>
            <id>86</id>
        </car>
        <mechanic>
            <firstName>Marchall</firstName>
        </mechanic>
        <part>
            <id>5</id>
        </part>
    </task>
    <task>
        <date>2021-10-02 16:02:56</date>
        <price>1059.97</price>
        <car>
            <id>7</id>
        </car>
        <mechanic>
            <firstName>Ursula</firstName>
        </mechanic>
        <part>
            <id>5</id>
        </part>
    </task>
    <task>
        <date>2021-12-25 16:09:13</date>
        <price>730.63</price>
        <car>
            <id>43</id>
        </car>
        <mechanic>
            <firstName>Sharron</firstName>
        </mechanic>
        <part>
            <id>30</id>
        </part>
    </task>
    <task>
        <date>2021-11-06 18:47:04</date>
        <price>1426.43</price>
        <car>
            <id>71</id>
        </car>
        <mechanic>
            <firstName>Hanan</firstName>
        </mechanic>
        <part>
            <id>16</id>
        </part>
    </task>
    <task>
        <date>2021-06-14 04:00:35</date>
        <price>1475.98</price>
        <car>
            <id>17</id>
        </car>
        <mechanic>
            <firstName>Allyn</firstName>
        </mechanic>
        <part>
            <id>17</id>
        </part>
    </task>
    <task>
        <date>2021-04-23 01:22:32</date>
        <price>804.42</price>
        <car>
            <id>58</id>
        </car>
        <mechanic>
            <firstName>Laurens</firstName>
        </mechanic>
        <part>
            <id>39</id>
        </part>
    </task>
    <task>
        <date>2020-12-16 02:29:59</date>
        <price>898.27</price>
        <car>
            <id>71</id>
        </car>
        <mechanic>
            <firstName>Brigit</firstName>
        </mechanic>
        <part>
            <id>18</id>
        </part>
    </task>
    <task>
        <date>2021-12-30 14:10:36</date>
        <price>43.44</price>
        <car>
            <id>87</id>
        </car>
        <mechanic>
            <firstName>Esdras</firstName>
        </mechanic>
        <part>
            <id>47</id>
        </part>
    </task>
    <task>
        <date>2022-01-14 09:27:06</date>
        <price>1586.71</price>
        <car>
            <id>1</id>
        </car>
        <mechanic>
            <firstName>Megan</firstName>
        </mechanic>
        <part>
            <id>37</id>
        </part>
    </task>
    <task>
        <date>2021-02-18 02:33:49</date>
        <price>1619.29</price>
        <car>
            <id>24</id>
        </car>
        <mechanic>
            <firstName>Leopold</firstName>
        </mechanic>
        <part>
            <id>44</id>
        </part>
    </task>
    <task>
        <date>2021-07-07 12:42:51</date>
        <price>610.0</price>
        <car>
            <id>59</id>
        </car>
        <mechanic>
            <firstName>Alexina</firstName>
        </mechanic>
        <part>
            <id>30</id>
        </part>
    </task>
    <task>
        <date>2021-09-12 10:56:38</date>
        <price>1455.56</price>
        <car>
            <id>73</id>
        </car>
        <mechanic>
            <firstName>Evvie</firstName>
        </mechanic>
        <part>
            <id>5</id>
        </part>
    </task>
    <task>
        <date>2021-10-15 09:41:35</date>
        <price>1590.18</price>
        <car>
            <id>46</id>
        </car>
        <mechanic>
            <firstName>Esdras</firstName>
        </mechanic>
        <part>
            <id>27</id>
        </part>
    </task>
    <task>
        <date>2021-09-30 11:16:26</date>
        <price>956.55</price>
        <car>
            <id>71</id>
        </car>
        <mechanic>
            <firstName>Dene</firstName>
        </mechanic>
        <part>
            <id>20</id>
        </part>
    </task>
    <task>
        <date>2022-06-02 08:07:46</date>
        <price>1416.88</price>
        <car>
            <id>4</id>
        </car>
        <mechanic>
            <firstName>Marsha</firstName>
        </mechanic>
        <part>
            <id>35</id>
        </part>
    </task>
    <task>
        <date>2022-06-24 07:02:41</date>
        <price>1617.66</price>
        <car>
            <id>43</id>
        </car>
        <mechanic>
            <firstName>Zuzana</firstName>
        </mechanic>
        <part>
            <id>4</id>
        </part>
    </task>
    <task>
        <date>2022-04-18 17:14:25</date>
        <price>1061.01</price>
        <car>
            <id>21</id>
        </car>
        <mechanic>
            <firstName>Delcina</firstName>
        </mechanic>
        <part>
            <id>1</id>
        </part>
    </task>
    <task>
        <date>2022-08-10 20:37:20</date>
        <price>639.69</price>
        <car>
            <id>72</id>
        </car>
        <mechanic>
            <firstName>Ozzie</firstName>
        </mechanic>
        <part>
            <id>18</id>
        </part>
    </task>
    <task>
        <date>2021-06-07 11:42:39</date>
        <price>498.85</price>
        <car>
            <id>90</id>
        </car>
        <mechanic>
            <firstName>Batholomew</firstName>
        </mechanic>
        <part>
            <id>34</id>
        </part>
    </task>
    <task>
        <date>2021-11-19 02:31:01</date>
        <price>1077.69</price>
        <car>
            <id>52</id>
        </car>
        <mechanic>
            <firstName>Ebonee</firstName>
        </mechanic>
        <part>
            <id>1</id>
        </part>
    </task>
    <task>
        <date>2021-09-08 00:02:57</date>
        <price>318.89</price>
        <car>
            <id>93</id>
        </car>
        <mechanic>
            <firstName>Osbourne</firstName>
        </mechanic>
        <part>
            <id>9</id>
        </part>
    </task>
    <task>
        <date>2021-05-16 12:31:02</date>
        <price>349.72</price>
        <car>
            <id>60</id>
        </car>
        <mechanic>
            <firstName>Flemming</firstName>
        </mechanic>
        <part>
            <id>43</id>
        </part>
    </task>
    <task>
        <date>2021-12-04 19:34:53</date>
        <price>88.89</price>
        <car>
            <id>95</id>
        </car>
        <mechanic>
            <firstName>Marsha</firstName>
        </mechanic>
        <part>
            <id>44</id>
        </part>
    </task>
    <task>
        <date>2021-05-24 17:24:33</date>
        <price>1264.04</price>
        <car>
            <id>77</id>
        </car>
        <mechanic>
            <firstName>Althea</firstName>
        </mechanic>
        <part>
            <id>9</id>
        </part>
    </task>
    <task>
        <date>2021-10-06 01:15:08</date>
        <price>1627.84</price>
        <car>
            <id>85</id>
        </car>
        <mechanic>
            <firstName>Delcina</firstName>
        </mechanic>
        <part>
            <id>34</id>
        </part>
    </task>
    <task>
        <date>2021-06-07 03:29:48</date>
        <price>262.68</price>
        <car>
            <id>22</id>
        </car>
        <mechanic>
            <firstName>Caritta</firstName>
        </mechanic>
        <part>
            <id>8</id>
        </part>
    </task>
    <task>
        <date>2022-01-01 10:13:50</date>
        <price>265.33</price>
        <car>
            <id>34</id>
        </car>
        <mechanic>
            <firstName>Gerladina</firstName>
        </mechanic>
        <part>
            <id>11</id>
        </part>
    </task>
    <task>
        <date>2022-09-21 11:57:07</date>
        <price>371.21</price>
        <car>
            <id>77</id>
        </car>
        <mechanic>
            <firstName>Idalina</firstName>
        </mechanic>
        <part>
            <id>46</id>
        </part>
    </task>
    <task>
        <date>2021-10-05 09:13:33</date>
        <price>742.76</price>
        <car>
            <id>1</id>
        </car>
        <mechanic>
            <firstName>Moira</firstName>
        </mechanic>
        <part>
            <id>23</id>
        </part>
    </task>
    <task>
        <date>2022-02-28 20:54:59</date>
        <price>314.61</price>
        <car>
            <id>21</id>
        </car>
        <mechanic>
            <firstName>Justis</firstName>
        </mechanic>
        <part>
            <id>22</id>
        </part>
    </task>
    <task>
        <date>2021-05-31 00:21:17</date>
        <price>1105.61</price>
        <car>
            <id>6</id>
        </car>
        <mechanic>
            <firstName>Evvie</firstName>
        </mechanic>
        <part>
            <id>14</id>
        </part>
    </task>
    <task>
        <date>2021-08-19 07:25:02</date>
        <price>1396.82</price>
        <car>
            <id>47</id>
        </car>
        <mechanic>
            <firstName>Ximenez</firstName>
        </mechanic>
        <part>
            <id>36</id>
        </part>
    </task>
    <task>
        <date>2022-06-22 20:01:44</date>
        <price>1302.01</price>
        <car>
            <id>89</id>
        </car>
        <mechanic>
            <firstName>Justis</firstName>
        </mechanic>
        <part>
            <id>41</id>
        </part>
    </task>
    <task>
        <date>2021-08-03 23:26:53</date>
        <price>138.47</price>
        <car>
            <id>1</id>
        </car>
        <mechanic>
            <firstName>Erda</firstName>
        </mechanic>
        <part>
            <id>45</id>
        </part>
    </task>
    <task>
        <date>2021-12-19 21:26:15</date>
        <price>1434.54</price>
        <car>
            <id>17</id>
        </car>
        <mechanic>
            <firstName>Cleve</firstName>
        </mechanic>
        <part>
            <id>30</id>
        </part>
    </task>
    <task>
        <date>2021-05-18 19:15:37</date>
        <price>1184.29</price>
        <car>
            <id>27</id>
        </car>
        <mechanic>
            <firstName>Moira</firstName>
        </mechanic>
        <part>
            <id>38</id>
        </part>
    </task>
    <task>
        <date>2022-03-02 21:00:37</date>
        <price>256.26</price>
        <car>
            <id>75</id>
        </car>
        <mechanic>
            <firstName>Sandor</firstName>
        </mechanic>
        <part>
            <id>26</id>
        </part>
    </task>
    <task>
        <date>2021-02-25 18:47:10</date>
        <price>1202.59</price>
        <car>
            <id>51</id>
        </car>
        <mechanic>
            <firstName>Deanne</firstName>
        </mechanic>
        <part>
            <id>2</id>
        </part>
    </task>
    <task>
        <date>2021-01-30 08:09:53</date>
        <price>419.12</price>
        <car>
            <id>59</id>
        </car>
        <mechanic>
            <firstName>Fiorenze</firstName>
        </mechanic>
        <part>
            <id>27</id>
        </part>
    </task>
    <task>
        <date>2022-04-16 14:43:16</date>
        <price>1161.67</price>
        <car>
            <id>57</id>
        </car>
        <mechanic>
            <firstName>Margot</firstName>
        </mechanic>
        <part>
            <id>18</id>
        </part>
    </task>
    <task>
        <date>2020-12-04 07:14:30</date>
        <price>1562.87</price>
        <car>
            <id>2</id>
        </car>
        <mechanic>
            <firstName>Althea</firstName>
        </mechanic>
        <part>
            <id>10</id>
        </part>
    </task>
    <task>
        <date>2021-04-07 22:49:00</date>
        <price>375.69</price>
        <car>
            <id>23</id>
        </car>
        <mechanic>
            <firstName>Esdras</firstName>
        </mechanic>
        <part>
            <id>25</id>
        </part>
    </task>
    <task>
        <date>2022-07-08 17:37:46</date>
        <price>691.29</price>
        <car>
            <id>23</id>
        </car>
        <mechanic>
            <firstName>Brynn</firstName>
        </mechanic>
        <part>
            <id>15</id>
        </part>
    </task>
    <task>
        <date>2021-12-24 18:18:34</date>
        <price>1572.82</price>
        <car>
            <id>84</id>
        </car>
        <mechanic>
            <firstName>Flynn</firstName>
        </mechanic>
        <part>
            <id>27</id>
        </part>
    </task>
    <task>
        <date>2022-07-18 19:52:52</date>
        <price>44.35</price>
        <car>
            <id>47</id>
        </car>
        <mechanic>
            <firstName>Caldwell</firstName>
        </mechanic>
        <part>
            <id>14</id>
        </part>
    </task>
    <task>
        <date>2021-06-24 22:23:06</date>
        <price>1464.86</price>
        <car>
            <id>83</id>
        </car>
        <mechanic>
            <firstName>Lizbeth</firstName>
        </mechanic>
        <part>
            <id>36</id>
        </part>
    </task>
    <task>
        <date>2022-07-23 06:57:11</date>
        <price>1501.23</price>
        <car>
            <id>50</id>
        </car>
        <mechanic>
            <firstName>Fiorenze</firstName>
        </mechanic>
        <part>
            <id>32</id>
        </part>
    </task>
</tasks>